-- phpMyAdmin SQL Dump
-- version 5.2.0
-- https://www.phpmyadmin.net/
--
-- Host: 127.0.0.1
-- Generation Time: Jul 17, 2022 at 06:36 AM
-- Server version: 10.4.24-MariaDB
-- PHP Version: 7.4.29

SET SQL_MODE = "NO_AUTO_VALUE_ON_ZERO";
START TRANSACTION;
SET time_zone = "+00:00";


/*!40101 SET @OLD_CHARACTER_SET_CLIENT=@@CHARACTER_SET_CLIENT */;
/*!40101 SET @OLD_CHARACTER_SET_RESULTS=@@CHARACTER_SET_RESULTS */;
/*!40101 SET @OLD_COLLATION_CONNECTION=@@COLLATION_CONNECTION */;
/*!40101 SET NAMES utf8mb4 */;

--
-- Database: `db_gudang`
--

-- --------------------------------------------------------

--
-- Table structure for table `categories`
--

CREATE TABLE `categories` (
  `id_kategori` int(10) UNSIGNED NOT NULL,
  `nama_kategori` varchar(100) NOT NULL,
  `has_expired` tinyint(1) DEFAULT 0,
  `created_at` timestamp NOT NULL DEFAULT current_timestamp(),
  `updated_at` timestamp NULL DEFAULT NULL
) ENGINE=InnoDB DEFAULT CHARSET=latin1;

--
-- Dumping data for table `categories`
--

INSERT INTO `categories` (`id_kategori`, `nama_kategori`, `has_expired`, `created_at`, `updated_at`) VALUES
(6, 'PUPUK', 1, '2022-03-27 16:27:02', '2022-06-07 01:24:38'),
(8, 'BAHAN KIMIA (CAIR)', 1, '2022-03-27 16:29:22', '2022-06-07 01:24:43'),
(9, 'PAKAN', 1, '2022-04-18 21:43:50', '2022-06-27 13:32:45'),
(13, 'ALAT', NULL, '2022-06-27 13:32:31', '2022-07-06 12:59:39'),
(14, 'PUPUK NE', 0, '2022-07-06 07:18:14', '2022-07-06 07:18:14'),
(15, 'BAHAN KIMIA NE', 0, '2022-07-06 12:59:30', '2022-07-06 12:59:30');

-- --------------------------------------------------------

--
-- Table structure for table `gudang`
--

CREATE TABLE `gudang` (
  `id_gudang` int(11) NOT NULL,
  `kode_gudang` varchar(191) NOT NULL,
  `nama_gudang` varchar(191) NOT NULL,
  `Kapasitas_GT` int(10) NOT NULL,
  `Kapasitas_F` int(10) NOT NULL,
  `Kapasitas_S` int(10) NOT NULL,
  `Kapasitas_N` int(10) NOT NULL,
  `sisa_F` int(11) NOT NULL,
  `sisa_S` int(11) NOT NULL,
  `sisa_N` int(11) NOT NULL,
  `updated_at` date NOT NULL,
  `created_at` date NOT NULL
) ENGINE=InnoDB DEFAULT CHARSET=utf8mb4;

--
-- Dumping data for table `gudang`
--

INSERT INTO `gudang` (`id_gudang`, `kode_gudang`, `nama_gudang`, `Kapasitas_GT`, `Kapasitas_F`, `Kapasitas_S`, `Kapasitas_N`, `sisa_F`, `sisa_S`, `sisa_N`, `updated_at`, `created_at`) VALUES
(1, 'G_001', 'Gudang Depok', 60000, 45000, 12000, 3000, 41900, 11930, 2278, '2022-07-17', '2022-04-18');

-- --------------------------------------------------------

--
-- Table structure for table `jobs`
--

CREATE TABLE `jobs` (
  `id` bigint(20) UNSIGNED NOT NULL,
  `queue` varchar(191) COLLATE utf8mb4_unicode_ci NOT NULL,
  `payload` longtext COLLATE utf8mb4_unicode_ci NOT NULL,
  `attempts` tinyint(3) UNSIGNED NOT NULL,
  `reserved_at` int(10) UNSIGNED DEFAULT NULL,
  `available_at` int(10) UNSIGNED NOT NULL,
  `created_at` int(10) UNSIGNED NOT NULL
) ENGINE=InnoDB DEFAULT CHARSET=utf8mb4 COLLATE=utf8mb4_unicode_ci;

-- --------------------------------------------------------

--
-- Table structure for table `migrations`
--

CREATE TABLE `migrations` (
  `id` int(10) UNSIGNED NOT NULL,
  `migration` varchar(191) COLLATE utf8mb4_unicode_ci NOT NULL,
  `batch` int(11) NOT NULL
) ENGINE=InnoDB DEFAULT CHARSET=utf8mb4 COLLATE=utf8mb4_unicode_ci;

--
-- Dumping data for table `migrations`
--

INSERT INTO `migrations` (`id`, `migration`, `batch`) VALUES
(1, '2014_10_12_000000_create_users_table', 1),
(2, '2014_10_12_100000_create_password_resets_table', 1),
(3, '2022_04_05_035957_create_jobs_table', 2);

-- --------------------------------------------------------

--
-- Table structure for table `products`
--

CREATE TABLE `products` (
  `id_produk` int(10) UNSIGNED NOT NULL,
  `kode_produk` varchar(100) NOT NULL,
  `nama_produk` varchar(100) NOT NULL,
  `id_kategori` int(10) UNSIGNED NOT NULL,
  `image` varchar(100) NOT NULL,
  `stok_produk` int(11) NOT NULL,
  `id_unit` int(10) UNSIGNED NOT NULL,
  `id_gudang` int(10) NOT NULL,
  `ket_produk` text NOT NULL,
  `jumlah_enodes` int(10) NOT NULL,
  `TOR4Months` float NOT NULL DEFAULT 0,
  `Kategori_fsn` int(10) DEFAULT 3,
  `created_at` timestamp NOT NULL DEFAULT current_timestamp(),
  `updated_at` timestamp NOT NULL DEFAULT current_timestamp()
) ENGINE=InnoDB DEFAULT CHARSET=latin1;

--
-- Dumping data for table `products`
--

INSERT INTO `products` (`id_produk`, `kode_produk`, `nama_produk`, `id_kategori`, `image`, `stok_produk`, `id_unit`, `id_gudang`, `ket_produk`, `jumlah_enodes`, `TOR4Months`, `Kategori_fsn`, `created_at`, `updated_at`) VALUES
(5, 'MKP01', 'MKP Pak Tani 1K', 6, '1648398757.jpg', 30, 1, 1, 'Pupuk 1 KG', 10, 4.0553, 1, '2022-03-27 16:32:37', '2022-07-17 06:32:21'),
(6, 'BRN001', 'Boron Plus 1KG', 6, '1648398839.jpg', 180, 1, 1, 'Boron Plus', 10, 1.79706, 1, '2022-03-27 16:33:59', '2022-07-17 06:32:21'),
(7, 'PR001', 'Panen Raya 1KG', 6, '1648424692.jpg', 100, 1, 1, 'Panen Raya', 10, 4.12145, 1, '2022-03-27 23:44:52', '2022-07-17 06:32:21'),
(14, 'KNO3PUTIH', 'KNO3 Putih 2KG', 6, '1657100019.png', 20, 1, 1, 'kno3putih 2kg', 2, 0.967742, 2, '2022-07-02 02:37:54', '2022-07-17 06:32:21'),
(15, 'DOLOMIT1', 'Kapur Dolomit 1 KG', 14, '1657100070.png', 30, 1, 1, 'dolomit 1kg', 1, 0.483871, 2, '2022-07-06 07:21:40', '2022-07-17 06:32:21'),
(16, 'ULTRADAP1', 'Pupuk Ultradap 1 KG', 6, '1657100225.png', 76, 1, 1, 'ultradap 1kg', 1, 0, 3, '2022-07-06 07:25:54', '2022-07-17 06:32:21'),
(17, 'E4PERTANIAN', 'E4 Pertanian 1L', 8, '1657100236.png', 47, 4, 1, 'gudang depok', 1, 0, 3, '2022-07-06 07:32:19', '2022-07-17 06:32:21'),
(18, 'E4PERIKANAN', 'E4 Perikanan 1L', 8, '1657100246.png', 40, 4, 1, 'e4 pertanian', 1, 0, 3, '2022-07-06 07:33:30', '2022-07-17 06:32:21'),
(19, 'E4PETERNAKAN', 'E4 Peternakan 1L', 8, '1657100255.png', 42, 4, 1, 'e4 peternakan', 1, 0, 3, '2022-07-06 07:34:45', '2022-07-17 06:32:21'),
(20, 'E4LIMBAH', 'E4 Limbah 1L', 8, '1657100688.png', 37, 4, 1, 'em limbah 1 L', 1, 0, 3, '2022-07-06 09:44:48', '2022-07-17 06:32:21'),
(21, 'SPRAYER2L', 'Sprayer 2L', 13, '1657112612.png', 0, 1, 1, 'sparyer penyemprot 2 l', 10, 0, 3, '2022-07-06 13:03:32', '2022-07-17 06:32:21'),
(22, 'FURADAN1', 'Insektisida Furadan 1 KG', 6, '1657112698.png', 0, 1, 1, 'insektisida furadan 1 kg', 10, 0, 3, '2022-07-06 13:04:58', '2022-07-17 06:32:21'),
(23, 'NPK1', 'Pupuk NPK 1KG', 6, '1657112809.png', 0, 1, 1, 'pupuk npk 1kg', 10, 0, 3, '2022-07-06 13:06:49', '2022-07-17 06:32:21'),
(24, 'PELET781-2', 'Pelet Ikan Hi-pro 781-2', 9, '1657112909.png', 0, 1, 1, 'pelet 1kg', 10, 0, 3, '2022-07-06 13:08:29', '2022-07-17 06:32:21'),
(25, 'PELET781-1', 'Pelet Ikan Hi-pro 781-1', 9, '1657112971.png', 0, 1, 1, 'pelet ikan 781-1 1 kg', 10, 0, 3, '2022-07-06 13:09:31', '2022-07-17 06:32:21'),
(26, 'PELET781', 'Pelet Ikan Hi-pro 781', 9, '1657113070.png', 0, 1, 1, 'pelet ikan 781 1kg', 10, 0, 3, '2022-07-06 13:11:10', '2022-07-17 06:32:21'),
(27, 'GUTINGTIGER700', 'Gunting Kebun Tiger 700 Pruning', 13, '1657113130.png', 0, 6, 1, 'gunting tiger 700', 5, 0, 3, '2022-07-06 13:12:10', '2022-07-17 06:32:21'),
(28, 'PHTANAH', 'PH Meter Tanah', 13, '1657114965.png', 0, 6, 1, 'PH Meter Tanah dan Alat Ukur Kelembapan Serta Light Sensor', 2, 0, 3, '2022-07-06 13:42:45', '2022-07-17 06:32:21'),
(29, 'SPRAYER5L', 'Pressure Sprayer Vistar 5L', 13, '1657115044.png', 0, 6, 1, 'Pressure Sprayer Vistar 5L', 10, 0, 3, '2022-07-06 13:44:04', '2022-07-17 06:32:21'),
(30, 'HTCPPU100', 'Hormon Tanaman CPPU 100ml', 15, '1657115576.png', 30, 6, 1, 'Hormon Tanaman CPPU 100ml', 1, 0, 3, '2022-07-06 13:52:56', '2022-07-17 06:32:21'),
(31, 'HTSTREPSON100', 'Hormon Tanaman Strepson 100ml', 15, '1657115634.png', 30, 6, 1, 'Hormon Tanaman Strepson 100ml', 1, 0, 3, '2022-07-06 13:53:54', '2022-07-17 06:32:21'),
(32, 'HTABA100', 'Hormon Tanaman ABA 100ml', 15, '1657115689.png', 30, 6, 1, 'Hormon Tanaman ABA 100ml', 1, 0, 3, '2022-07-06 13:54:49', '2022-07-17 06:32:21'),
(33, 'HTCOLCHI100', 'Hormon Colchicine 100ml', 15, '1657115793.png', 30, 6, 1, 'Hormon Tanaman Colchicine Kolkisin 100ml', 1, 0, 3, '2022-07-06 13:56:33', '2022-07-17 06:32:21'),
(34, 'HTIBA100', 'Hormon Tanaman IBA 100ml', 15, '1657115845.png', 30, 6, 1, 'Hormon Tanaman IBA 100ml', 1, 0, 3, '2022-07-06 13:57:25', '2022-07-17 06:32:21'),
(35, 'HTZURON100', 'Hormon Tidiazuron 100ml', 15, '1657115904.png', 30, 6, 1, 'Hormon Tanaman Tidiazuron 100ml', 1, 0, 3, '2022-07-06 13:58:24', '2022-07-17 06:32:21'),
(36, 'HTMIXAUSIT100', 'Hormon Mix AukSito 100ml', 15, '1657116006.png', 30, 6, 1, 'Hormon Tanaman Mix Auksin Sitokinin 100ml', 1, 0, 3, '2022-07-06 14:00:06', '2022-07-17 06:32:21'),
(37, 'HTTRIA100', 'Hormon Tanaman Triakonta 100ml', 15, '1657116128.png', 30, 6, 1, 'Hormon Tanaman Triakontanol 100ml', 1, 0, 3, '2022-07-06 14:02:08', '2022-07-17 06:32:21'),
(38, 'HTGIBE100', 'Hormon Tanaman Giberelin 100ml', 15, '1657116257.png', 30, 6, 1, 'Hormon Tanaman Giberelin GA3 100ml', 1, 0, 3, '2022-07-06 14:04:17', '2022-07-17 06:32:21'),
(39, 'HTSITO100', 'Hormon Tanaman Sitokinin 100ml', 15, '1657116333.png', 30, 6, 1, 'Hormon Tanaman Sitokinin 100ml', 1, 0, 3, '2022-07-06 14:05:33', '2022-07-17 06:32:21'),
(40, 'HTAUKSIN100', 'Hormon Tanaman Auksin 100ml', 15, '1657117329.png', 30, 6, 1, 'Hormon Tanaman Auksin 100ml', 1, 0, 3, '2022-07-06 14:22:09', '2022-07-17 06:32:21'),
(41, 'HTMIXAUGI100', 'Hormon Mix AuGib 100ml', 15, '1657117426.png', 30, 6, 1, 'Hormon Tanaman Mix Auksin Giberelin 100ml', 1, 0, 3, '2022-07-06 14:23:46', '2022-07-17 06:32:21'),
(42, 'HTPACLO100', 'Hormon Paclobutrazol 100ml', 15, '1657117478.png', 30, 6, 1, 'Hormon Tanaman Paclobutrazol 100ml', 1, 0, 3, '2022-07-06 14:24:38', '2022-07-17 06:32:21'),
(43, 'HTKINETIN100', 'Hormon Tanaman Kinetin 100ml', 15, '1657117527.png', 30, 6, 1, 'Hormon Tanaman Kinetin 100ml', 1, 0, 3, '2022-07-06 14:25:27', '2022-07-17 06:32:21'),
(44, 'HTAUKNAA100', 'Hormon Auksin NAA 100ml', 15, '1657117574.png', 30, 6, 1, 'Hormon Tanaman Auksin NAA 100ml', 1, 0, 3, '2022-07-06 14:26:14', '2022-07-17 06:32:21'),
(45, 'HTGA47', 'Hormon Tanaman GA47 100ml', 15, '1657117615.png', 30, 6, 1, 'Hormon Tanaman GA4 7 Giberelin 100ml', 1, 0, 3, '2022-07-06 14:26:55', '2022-07-17 06:32:21');

-- --------------------------------------------------------

--
-- Table structure for table `purchases`
--

CREATE TABLE `purchases` (
  `id_purchase` int(10) UNSIGNED NOT NULL,
  `tgl_purchase` date NOT NULL,
  `id_produk` int(10) UNSIGNED NOT NULL,
  `qty_purchase` int(11) NOT NULL,
  `expired` date DEFAULT NULL,
  `status` tinyint(4) NOT NULL DEFAULT 0,
  `id_karyawan` int(10) UNSIGNED NOT NULL,
  `is_deleted` tinyint(1) NOT NULL DEFAULT 0,
  `created_at` timestamp NOT NULL DEFAULT current_timestamp(),
  `updated_at` timestamp NULL DEFAULT NULL
) ENGINE=InnoDB DEFAULT CHARSET=latin1;

--
-- Dumping data for table `purchases`
--

INSERT INTO `purchases` (`id_purchase`, `tgl_purchase`, `id_produk`, `qty_purchase`, `expired`, `status`, `id_karyawan`, `is_deleted`, `created_at`, `updated_at`) VALUES
(32, '2021-12-20', 5, 50, '2022-04-20', 1, 4, 1, '2022-03-27 21:31:52', '2022-06-27 14:00:12'),
(33, '2022-01-20', 5, 50, '2022-04-20', 1, 4, 1, '2022-03-27 21:33:32', '2022-06-27 13:10:09'),
(40, '2022-02-20', 5, 50, '2022-04-20', 1, 4, 1, '2022-03-27 22:00:02', '2022-06-27 13:10:07'),
(45, '2022-03-20', 5, 50, '2022-04-20', 1, 4, 1, '2022-03-27 22:04:23', '2022-06-06 10:31:43'),
(136, '2022-01-20', 6, 100, '2024-06-04', 1, 4, 0, '2022-06-27 04:43:07', '2022-06-27 13:57:41'),
(137, '2022-02-20', 6, 50, '2024-06-27', 1, 4, 0, '2022-06-27 04:43:34', '2022-06-27 13:57:41'),
(138, '2022-03-27', 6, 50, '2024-06-27', 1, 4, 0, '2022-06-27 04:44:02', '2022-06-27 13:57:41'),
(140, '2022-01-27', 7, 100, '2024-06-27', 1, 4, 0, '2022-06-27 13:46:26', '2022-06-27 13:57:41'),
(141, '2022-02-27', 7, 100, '2024-06-27', 1, 4, 0, '2022-06-27 13:46:43', '2022-06-27 13:57:41'),
(142, '2022-03-27', 7, 100, '2024-06-27', 1, 4, 0, '2022-06-27 13:46:56', '2022-06-27 13:57:41'),
(143, '2022-04-27', 7, 100, '2024-06-28', 1, 4, 0, '2022-06-27 13:47:10', '2022-06-27 13:57:41'),
(149, '2022-04-07', 6, 100, '2024-07-07', 1, 4, 0, '2022-07-06 11:03:15', '2022-07-06 13:45:28'),
(150, '2022-01-07', 14, 30, '2024-07-14', 1, 4, 0, '2022-07-06 13:46:37', '2022-07-06 13:46:42'),
(151, '2022-01-03', 16, 50, '2024-07-08', 1, 4, 0, '2022-07-06 14:40:08', '2022-07-17 05:20:21'),
(152, '2022-02-01', 16, 100, '2024-06-06', 1, 4, 0, '2022-07-06 16:59:41', '2022-07-17 05:20:21'),
(154, '2022-07-07', 5, 20, '2022-07-07', 1, 4, 1, '2022-07-06 19:24:53', '2022-07-17 05:22:34');

--
-- Triggers `purchases`
--
DELIMITER $$
CREATE TRIGGER `barang_masuk` AFTER INSERT ON `purchases` FOR EACH ROW BEGIN
	UPDATE products SET stok_produk =     stok_produk+NEW.qty_purchase
    WHERE id_produk = NEW.id_produk;
 END
$$
DELIMITER ;
DELIMITER $$
CREATE TRIGGER `cancel_purchase` AFTER DELETE ON `purchases` FOR EACH ROW BEGIN
	UPDATE products SET stok_produk = products.stok_produk - OLD.qty_purchase
	WHERE id_produk = OLD.id_produk;
END
$$
DELIMITER ;

-- --------------------------------------------------------

--
-- Table structure for table `record`
--

CREATE TABLE `record` (
  `id_record` int(11) NOT NULL,
  `id_produk` int(10) UNSIGNED NOT NULL,
  `kode_produk` varchar(100) CHARACTER SET latin1 NOT NULL,
  `nama_produk` varchar(100) CHARACTER SET latin1 NOT NULL,
  `stokawal_produk` int(11) NOT NULL,
  `qty_masuk` int(11) DEFAULT NULL,
  `qty_keluar` int(11) DEFAULT NULL,
  `stokakhir_produk` int(11) DEFAULT NULL,
  `Tanggal` varchar(100) NOT NULL,
  `Rata2_persediaan` float DEFAULT NULL,
  `TOR_partial` float DEFAULT NULL,
  `WSP` float DEFAULT NULL,
  `TOR` float DEFAULT NULL,
  `created_at` timestamp NOT NULL DEFAULT current_timestamp(),
  `updated_at` timestamp NOT NULL DEFAULT current_timestamp()
) ENGINE=InnoDB DEFAULT CHARSET=utf8mb4;

--
-- Dumping data for table `record`
--

INSERT INTO `record` (`id_record`, `id_produk`, `kode_produk`, `nama_produk`, `stokawal_produk`, `qty_masuk`, `qty_keluar`, `stokakhir_produk`, `Tanggal`, `Rata2_persediaan`, `TOR_partial`, `WSP`, `TOR`, `created_at`, `updated_at`) VALUES
(20, 5, 'MKP01', 'MKP Pak Tani', 30, 50, 30, 50, '2021-12-20', 40, 0.75, 41.3333, 0.75, '2022-03-27 21:31:52', '2022-07-17 06:32:21'),
(21, 5, 'MKP01', 'MKP Pak Tani', 50, 50, 50, 50, '2022-01-20', 50, 1, 31, 3.87097, '2022-03-27 21:33:17', '2022-07-17 06:32:21'),
(24, 5, 'MKP01', 'MKP Pak Tani', 50, 50, 60, 40, '2022-02-20', 45, 1.33333, 21, 5.71429, '2022-03-27 21:46:10', '2022-07-17 06:32:21'),
(25, 5, 'MKP01', 'MKP Pak Tani', 40, 50, 60, 30, '2022-03-20', 35, 1.71429, 18.0833, 6.63594, '2022-03-27 22:04:23', '2022-07-17 06:32:21'),
(45, 6, 'BRN001', 'Boron Plus', 296, 0, 0, 296, '2021-12-20', 0, 0, 0, 0, '2022-03-27 23:31:00', '2022-07-17 06:32:21'),
(48, 6, 'BRN001', 'Boron Plus', 296, 100, 96, 300, '2022-01-12', 298, 0.322148, 96.2292, 1.24702, '2022-03-27 23:41:22', '2022-07-17 06:32:21'),
(57, 7, 'PR001', 'Panen Raya', 104, 0, 0, 104, '2021-12-20', 0, 0, 0, 0, '2022-03-28 10:50:33', '2022-07-17 06:32:21'),
(58, 7, 'PR001', 'Panen Raya', 104, 100, 96, 108, '2022-01-20', 106, 0.90566, 34.2292, 3.50578, '2022-03-28 11:16:39', '2022-07-17 06:32:21'),
(59, 7, 'PR001', 'Panen Raya', 108, 100, 106, 102, '2022-02-20', 105, 1.00952, 27.7358, 4.32653, '2022-03-28 11:16:55', '2022-07-17 06:32:21'),
(60, 7, 'PR001', 'Panen Raya', 102, 100, 120, 82, '2022-03-20', 92, 1.30435, 23.7667, 5.04909, '2022-03-28 11:17:07', '2022-07-17 06:32:21'),
(63, 6, 'BRN001', 'Boron Plus', 300, 50, 100, 250, '2022-02-20', 275, 0.363636, 77, 1.55844, '2022-04-07 21:33:42', '2022-07-17 06:32:21'),
(64, 6, 'BRN001', 'Boron Plus', 250, 50, 120, 180, '2022-03-20', 215, 0.55814, 55.5417, 2.16054, '2022-04-07 21:36:40', '2022-07-17 06:32:21'),
(65, 5, 'MKP01', 'MKP Pak Tani', 30, 0, 0, 30, '2022-04-12', 35, 0, 0, 0, '2022-04-12 12:16:20', '2022-07-17 06:32:21'),
(66, 6, 'BRN001', 'Boron Plus', 180, 100, 100, 180, '2022-04-20', 180, 0.555556, 54, 2.22222, '2022-04-19 17:10:00', '2022-07-17 06:32:21'),
(68, 7, 'PR001', 'Panen Raya', 82, 100, 82, 100, '2022-04-20', 91, 0.901099, 33.2927, 3.6044, '2022-04-19 18:51:40', '2022-07-17 06:32:21'),
(69, 5, 'MKP01', 'MKP Pak Tani', 30, 0, 0, 30, '2022-05-30', 35, 0, 0, 0, '2022-06-01 16:24:03', '2022-07-17 06:32:21'),
(70, 6, 'BRN001', 'Boron Plus', 180, 0, 0, 180, '2022-05-29', 180, 0, 0, 0, '2022-06-01 16:24:37', '2022-07-17 06:32:21'),
(71, 5, 'MKP01', 'MKP Pak Tani', 30, 0, 0, 30, '2022-06-07', 35, 0, 0, 0, '2022-06-06 10:59:59', '2022-07-17 06:32:21'),
(72, 6, 'BRN001', 'Boron Plus', 180, 0, 0, 180, '2022-06-23', 180, 0, 0, 0, '2022-06-23 04:51:15', '2022-07-17 06:32:21'),
(73, 7, 'PR001', 'Panen Raya', 100, 0, 0, 100, '2022-05-27', 91, 0, 0, 0, '2022-06-27 13:02:05', '2022-07-17 06:32:21'),
(77, 7, 'PR001', 'Panen Raya', 100, 0, 0, 100, '2022-06-29', 91, 0, 0, 0, '2022-06-28 18:02:22', '2022-07-17 06:32:21'),
(78, 14, 'KNO3PUTIH', 'KNO3 Putih 2KG', 0, 30, 10, 20, '2022-01-07', 10, 1, 31, 3.87097, '2022-07-06 13:46:37', '2022-07-17 06:32:21'),
(79, 15, 'DOLOMIT1', 'Kapur Dolomit 1 KG', 50, 0, 20, 30, '2022-01-17', 40, 0.5, 62, 1.93548, '2022-07-06 13:51:20', '2022-07-17 06:32:21'),
(80, 16, 'ULTRADAP1', 'Pupuk Ultradap 1 KG', 21, 50, 0, 71, '2022-01-03', 0, 0, 0, 0, '2022-07-06 14:40:08', '2022-07-17 06:32:21'),
(81, 5, 'MKP01', 'MKP Pak Tani 1K', 30, 20, 20, 30, '2022-07-01', 30, 0.666667, 46.5, 0.666667, '2022-07-06 16:31:20', '2022-07-17 06:32:21'),
(82, 6, 'BRN001', 'Boron Plus 1KG', 180, 0, 0, 180, '2022-07-01', 180, 0, 0, 0, '2022-07-06 16:31:20', '2022-07-17 06:32:21'),
(83, 7, 'PR001', 'Panen Raya 1KG', 100, 0, 0, 100, '2022-07-01', 91, 0, 0, 0, '2022-07-06 16:31:20', '2022-07-17 06:32:21'),
(84, 14, 'KNO3PUTIH', 'KNO3 Putih 2KG', 20, 0, 0, 20, '2022-02-01', 10, 0, 0, 0, '2022-07-06 16:31:20', '2022-07-17 06:32:21'),
(85, 14, 'KNO3PUTIH', 'KNO3 Putih 2KG', 20, 0, 0, 20, '2022-03-01', 10, 0, 0, 0, '2022-07-06 16:31:20', '2022-07-17 06:32:21'),
(86, 14, 'KNO3PUTIH', 'KNO3 Putih 2KG', 20, 0, 0, 20, '2022-04-01', 10, 0, 0, 0, '2022-07-06 16:31:20', '2022-07-17 06:32:21'),
(87, 14, 'KNO3PUTIH', 'KNO3 Putih 2KG', 20, 0, 0, 20, '2022-05-01', 10, 0, 0, 0, '2022-07-06 16:31:20', '2022-07-17 06:32:21'),
(88, 14, 'KNO3PUTIH', 'KNO3 Putih 2KG', 20, 0, 0, 20, '2022-06-01', 10, 0, 0, 0, '2022-07-06 16:31:20', '2022-07-17 06:32:21'),
(89, 14, 'KNO3PUTIH', 'KNO3 Putih 2KG', 20, 0, 0, 20, '2022-07-01', 10, 0, 0, 0, '2022-07-06 16:31:20', '2022-07-17 06:32:21'),
(90, 15, 'DOLOMIT1', 'Kapur Dolomit 1 KG', 30, 0, 0, 30, '2022-02-01', 40, 0, 0, 0, '2022-07-06 16:31:20', '2022-07-17 06:32:21'),
(91, 15, 'DOLOMIT1', 'Kapur Dolomit 1 KG', 30, 0, 0, 30, '2022-03-01', 40, 0, 0, 0, '2022-07-06 16:31:20', '2022-07-17 06:32:21'),
(92, 15, 'DOLOMIT1', 'Kapur Dolomit 1 KG', 30, 0, 0, 30, '2022-04-01', 40, 0, 0, 0, '2022-07-06 16:31:20', '2022-07-17 06:32:21'),
(93, 15, 'DOLOMIT1', 'Kapur Dolomit 1 KG', 30, 0, 0, 30, '2022-05-01', 40, 0, 0, 0, '2022-07-06 16:31:20', '2022-07-17 06:32:21'),
(94, 15, 'DOLOMIT1', 'Kapur Dolomit 1 KG', 30, 0, 0, 30, '2022-06-01', 40, 0, 0, 0, '2022-07-06 16:31:20', '2022-07-17 06:32:21'),
(95, 15, 'DOLOMIT1', 'Kapur Dolomit 1 KG', 30, 0, 0, 30, '2022-07-01', 40, 0, 0, 0, '2022-07-06 16:31:20', '2022-07-17 06:32:21'),
(96, 16, 'ULTRADAP1', 'Pupuk Ultradap 1 KG', 71, 100, 0, 171, '2022-02-01', 0, 0, 0, 0, '2022-07-06 16:31:20', '2022-07-17 06:32:21'),
(97, 16, 'ULTRADAP1', 'Pupuk Ultradap 1 KG', 171, 0, 0, 171, '2022-03-01', 0, 0, 0, 0, '2022-07-06 16:31:20', '2022-07-17 06:32:21'),
(98, 16, 'ULTRADAP1', 'Pupuk Ultradap 1 KG', 171, 0, 0, 171, '2022-04-01', 0, 0, 0, 0, '2022-07-06 16:31:20', '2022-07-17 06:32:21'),
(99, 16, 'ULTRADAP1', 'Pupuk Ultradap 1 KG', 171, 0, 0, 171, '2022-05-01', 0, 0, 0, 0, '2022-07-06 16:31:20', '2022-07-17 06:32:21'),
(100, 16, 'ULTRADAP1', 'Pupuk Ultradap 1 KG', 171, 0, 0, 171, '2022-06-01', 0, 0, 0, 0, '2022-07-06 16:31:20', '2022-07-17 06:32:21'),
(101, 16, 'ULTRADAP1', 'Pupuk Ultradap 1 KG', 171, 0, 0, 171, '2022-07-01', 0, 0, 0, 0, '2022-07-06 16:31:20', '2022-07-17 06:32:21'),
(102, 17, 'E4PERTANIAN', 'E4 Pertanian 1L', 47, 0, 0, 47, '2022-01-01', 0, 0, 0, 0, '2022-07-06 16:31:20', '2022-07-17 06:32:21'),
(103, 17, 'E4PERTANIAN', 'E4 Pertanian 1L', 47, 0, 0, 47, '2022-02-01', 0, 0, 0, 0, '2022-07-06 16:31:20', '2022-07-17 06:32:21'),
(104, 17, 'E4PERTANIAN', 'E4 Pertanian 1L', 47, 0, 0, 47, '2022-03-01', 0, 0, 0, 0, '2022-07-06 16:31:20', '2022-07-17 06:32:21'),
(105, 17, 'E4PERTANIAN', 'E4 Pertanian 1L', 47, 0, 0, 47, '2022-04-01', 0, 0, 0, 0, '2022-07-06 16:31:20', '2022-07-17 06:32:21'),
(106, 17, 'E4PERTANIAN', 'E4 Pertanian 1L', 47, 0, 0, 47, '2022-05-01', 0, 0, 0, 0, '2022-07-06 16:31:20', '2022-07-17 06:32:21'),
(107, 17, 'E4PERTANIAN', 'E4 Pertanian 1L', 47, 0, 0, 47, '2022-06-01', 0, 0, 0, 0, '2022-07-06 16:31:20', '2022-07-17 06:32:21'),
(108, 17, 'E4PERTANIAN', 'E4 Pertanian 1L', 47, 0, 0, 47, '2022-07-01', 0, 0, 0, 0, '2022-07-06 16:31:20', '2022-07-17 06:32:21'),
(109, 18, 'E4PERIKANAN', 'E4 Perikanan 1L', 40, 0, 0, 40, '2022-01-01', 0, 0, 0, 0, '2022-07-06 16:31:20', '2022-07-17 06:32:21'),
(110, 18, 'E4PERIKANAN', 'E4 Perikanan 1L', 40, 0, 0, 40, '2022-02-01', 0, 0, 0, 0, '2022-07-06 16:31:20', '2022-07-17 06:32:21'),
(111, 18, 'E4PERIKANAN', 'E4 Perikanan 1L', 40, 0, 0, 40, '2022-03-01', 0, 0, 0, 0, '2022-07-06 16:31:20', '2022-07-17 06:32:21'),
(112, 18, 'E4PERIKANAN', 'E4 Perikanan 1L', 40, 0, 0, 40, '2022-04-01', 0, 0, 0, 0, '2022-07-06 16:31:20', '2022-07-17 06:32:21'),
(113, 18, 'E4PERIKANAN', 'E4 Perikanan 1L', 40, 0, 0, 40, '2022-05-01', 0, 0, 0, 0, '2022-07-06 16:31:20', '2022-07-17 06:32:21'),
(114, 18, 'E4PERIKANAN', 'E4 Perikanan 1L', 40, 0, 0, 40, '2022-06-01', 0, 0, 0, 0, '2022-07-06 16:31:20', '2022-07-17 06:32:21'),
(115, 18, 'E4PERIKANAN', 'E4 Perikanan 1L', 40, 0, 0, 40, '2022-07-01', 0, 0, 0, 0, '2022-07-06 16:31:20', '2022-07-17 06:32:21'),
(116, 19, 'E4PETERNAKAN', 'E4 Peternakan 1L', 42, 0, 0, 42, '2022-01-01', 0, 0, 0, 0, '2022-07-06 16:31:20', '2022-07-17 06:32:21'),
(117, 19, 'E4PETERNAKAN', 'E4 Peternakan 1L', 42, 0, 0, 42, '2022-02-01', 0, 0, 0, 0, '2022-07-06 16:31:20', '2022-07-17 06:32:21'),
(118, 19, 'E4PETERNAKAN', 'E4 Peternakan 1L', 42, 0, 0, 42, '2022-03-01', 0, 0, 0, 0, '2022-07-06 16:31:20', '2022-07-17 06:32:21'),
(119, 19, 'E4PETERNAKAN', 'E4 Peternakan 1L', 42, 0, 0, 42, '2022-04-01', 0, 0, 0, 0, '2022-07-06 16:31:20', '2022-07-17 06:32:21'),
(120, 19, 'E4PETERNAKAN', 'E4 Peternakan 1L', 42, 0, 0, 42, '2022-05-01', 0, 0, 0, 0, '2022-07-06 16:31:20', '2022-07-17 06:32:21'),
(121, 19, 'E4PETERNAKAN', 'E4 Peternakan 1L', 42, 0, 0, 42, '2022-06-01', 0, 0, 0, 0, '2022-07-06 16:31:20', '2022-07-17 06:32:21'),
(122, 19, 'E4PETERNAKAN', 'E4 Peternakan 1L', 42, 0, 0, 42, '2022-07-01', 0, 0, 0, 0, '2022-07-06 16:31:20', '2022-07-17 06:32:21'),
(123, 20, 'E4LIMBAH', 'E4 Limbah 1L', 37, 0, 0, 37, '2022-01-01', 0, 0, 0, 0, '2022-07-06 16:31:20', '2022-07-17 06:32:21'),
(124, 20, 'E4LIMBAH', 'E4 Limbah 1L', 37, 0, 0, 37, '2022-02-01', 0, 0, 0, 0, '2022-07-06 16:31:20', '2022-07-17 06:32:21'),
(125, 20, 'E4LIMBAH', 'E4 Limbah 1L', 37, 0, 0, 37, '2022-03-01', 0, 0, 0, 0, '2022-07-06 16:31:20', '2022-07-17 06:32:21'),
(126, 20, 'E4LIMBAH', 'E4 Limbah 1L', 37, 0, 0, 37, '2022-04-01', 0, 0, 0, 0, '2022-07-06 16:31:20', '2022-07-17 06:32:21'),
(127, 20, 'E4LIMBAH', 'E4 Limbah 1L', 37, 0, 0, 37, '2022-05-01', 0, 0, 0, 0, '2022-07-06 16:31:20', '2022-07-17 06:32:21'),
(128, 20, 'E4LIMBAH', 'E4 Limbah 1L', 37, 0, 0, 37, '2022-06-01', 0, 0, 0, 0, '2022-07-06 16:31:20', '2022-07-17 06:32:21'),
(129, 20, 'E4LIMBAH', 'E4 Limbah 1L', 37, 0, 0, 37, '2022-07-01', 0, 0, 0, 0, '2022-07-06 16:31:20', '2022-07-17 06:32:21'),
(130, 21, 'SPRAYER2L', 'Sprayer 2L', 0, 0, 0, 0, '2022-01-01', 0, 0, 0, 0, '2022-07-06 16:31:20', '2022-07-17 06:32:21'),
(131, 21, 'SPRAYER2L', 'Sprayer 2L', 0, 0, 0, 0, '2022-02-01', 0, 0, 0, 0, '2022-07-06 16:31:20', '2022-07-17 06:32:21'),
(132, 21, 'SPRAYER2L', 'Sprayer 2L', 0, 0, 0, 0, '2022-03-01', 0, 0, 0, 0, '2022-07-06 16:31:20', '2022-07-17 06:32:21'),
(133, 21, 'SPRAYER2L', 'Sprayer 2L', 0, 0, 0, 0, '2022-04-01', 0, 0, 0, 0, '2022-07-06 16:31:20', '2022-07-17 06:32:21'),
(134, 21, 'SPRAYER2L', 'Sprayer 2L', 0, 0, 0, 0, '2022-05-01', 0, 0, 0, 0, '2022-07-06 16:31:20', '2022-07-17 06:32:21'),
(135, 21, 'SPRAYER2L', 'Sprayer 2L', 0, 0, 0, 0, '2022-06-01', 0, 0, 0, 0, '2022-07-06 16:31:20', '2022-07-17 06:32:21'),
(136, 21, 'SPRAYER2L', 'Sprayer 2L', 0, 0, 0, 0, '2022-07-01', 0, 0, 0, 0, '2022-07-06 16:31:20', '2022-07-17 06:32:21'),
(137, 22, 'FURADAN1', 'Insektisida Furadan 1 KG', 0, 0, 0, 0, '2022-01-01', 0, 0, 0, 0, '2022-07-06 16:31:20', '2022-07-17 06:32:21'),
(138, 22, 'FURADAN1', 'Insektisida Furadan 1 KG', 0, 0, 0, 0, '2022-02-01', 0, 0, 0, 0, '2022-07-06 16:31:20', '2022-07-17 06:32:21'),
(139, 22, 'FURADAN1', 'Insektisida Furadan 1 KG', 0, 0, 0, 0, '2022-03-01', 0, 0, 0, 0, '2022-07-06 16:31:20', '2022-07-17 06:32:21'),
(140, 22, 'FURADAN1', 'Insektisida Furadan 1 KG', 0, 0, 0, 0, '2022-04-01', 0, 0, 0, 0, '2022-07-06 16:31:20', '2022-07-17 06:32:21'),
(141, 22, 'FURADAN1', 'Insektisida Furadan 1 KG', 0, 0, 0, 0, '2022-05-01', 0, 0, 0, 0, '2022-07-06 16:31:20', '2022-07-17 06:32:21'),
(142, 22, 'FURADAN1', 'Insektisida Furadan 1 KG', 0, 0, 0, 0, '2022-06-01', 0, 0, 0, 0, '2022-07-06 16:31:20', '2022-07-17 06:32:21'),
(143, 22, 'FURADAN1', 'Insektisida Furadan 1 KG', 0, 0, 0, 0, '2022-07-01', 0, 0, 0, 0, '2022-07-06 16:31:20', '2022-07-17 06:32:21'),
(144, 23, 'NPK1', 'Pupuk NPK 1KG', 0, 0, 0, 0, '2022-01-01', 0, 0, 0, 0, '2022-07-06 16:31:20', '2022-07-17 06:32:21'),
(145, 23, 'NPK1', 'Pupuk NPK 1KG', 0, 0, 0, 0, '2022-02-01', 0, 0, 0, 0, '2022-07-06 16:31:20', '2022-07-17 06:32:21'),
(146, 23, 'NPK1', 'Pupuk NPK 1KG', 0, 0, 0, 0, '2022-03-01', 0, 0, 0, 0, '2022-07-06 16:31:20', '2022-07-17 06:32:21'),
(147, 23, 'NPK1', 'Pupuk NPK 1KG', 0, 0, 0, 0, '2022-04-01', 0, 0, 0, 0, '2022-07-06 16:31:20', '2022-07-17 06:32:21'),
(148, 23, 'NPK1', 'Pupuk NPK 1KG', 0, 0, 0, 0, '2022-05-01', 0, 0, 0, 0, '2022-07-06 16:31:20', '2022-07-17 06:32:21'),
(149, 23, 'NPK1', 'Pupuk NPK 1KG', 0, 0, 0, 0, '2022-06-01', 0, 0, 0, 0, '2022-07-06 16:31:20', '2022-07-17 06:32:21'),
(150, 23, 'NPK1', 'Pupuk NPK 1KG', 0, 0, 0, 0, '2022-07-01', 0, 0, 0, 0, '2022-07-06 16:31:20', '2022-07-17 06:32:21'),
(151, 24, 'PELET781-2', 'Pelet Ikan Hi-pro 781-2', 0, 0, 0, 0, '2022-01-01', 0, 0, 0, 0, '2022-07-06 16:31:20', '2022-07-17 06:32:21'),
(152, 24, 'PELET781-2', 'Pelet Ikan Hi-pro 781-2', 0, 0, 0, 0, '2022-02-01', 0, 0, 0, 0, '2022-07-06 16:31:20', '2022-07-17 06:32:21'),
(153, 24, 'PELET781-2', 'Pelet Ikan Hi-pro 781-2', 0, 0, 0, 0, '2022-03-01', 0, 0, 0, 0, '2022-07-06 16:31:20', '2022-07-17 06:32:21'),
(154, 24, 'PELET781-2', 'Pelet Ikan Hi-pro 781-2', 0, 0, 0, 0, '2022-04-01', 0, 0, 0, 0, '2022-07-06 16:31:20', '2022-07-17 06:32:21'),
(155, 24, 'PELET781-2', 'Pelet Ikan Hi-pro 781-2', 0, 0, 0, 0, '2022-05-01', 0, 0, 0, 0, '2022-07-06 16:31:20', '2022-07-17 06:32:21'),
(156, 24, 'PELET781-2', 'Pelet Ikan Hi-pro 781-2', 0, 0, 0, 0, '2022-06-01', 0, 0, 0, 0, '2022-07-06 16:31:20', '2022-07-17 06:32:21'),
(157, 24, 'PELET781-2', 'Pelet Ikan Hi-pro 781-2', 0, 0, 0, 0, '2022-07-01', 0, 0, 0, 0, '2022-07-06 16:31:20', '2022-07-17 06:32:21'),
(158, 25, 'PELET781-1', 'Pelet Ikan Hi-pro 781-1', 0, 0, 0, 0, '2022-01-01', 0, 0, 0, 0, '2022-07-06 16:31:20', '2022-07-17 06:32:21'),
(159, 25, 'PELET781-1', 'Pelet Ikan Hi-pro 781-1', 0, 0, 0, 0, '2022-02-01', 0, 0, 0, 0, '2022-07-06 16:31:20', '2022-07-17 06:32:21'),
(160, 25, 'PELET781-1', 'Pelet Ikan Hi-pro 781-1', 0, 0, 0, 0, '2022-03-01', 0, 0, 0, 0, '2022-07-06 16:31:20', '2022-07-17 06:32:21'),
(161, 25, 'PELET781-1', 'Pelet Ikan Hi-pro 781-1', 0, 0, 0, 0, '2022-04-01', 0, 0, 0, 0, '2022-07-06 16:31:20', '2022-07-17 06:32:21'),
(162, 25, 'PELET781-1', 'Pelet Ikan Hi-pro 781-1', 0, 0, 0, 0, '2022-05-01', 0, 0, 0, 0, '2022-07-06 16:31:20', '2022-07-17 06:32:21'),
(163, 25, 'PELET781-1', 'Pelet Ikan Hi-pro 781-1', 0, 0, 0, 0, '2022-06-01', 0, 0, 0, 0, '2022-07-06 16:31:20', '2022-07-17 06:32:21'),
(164, 25, 'PELET781-1', 'Pelet Ikan Hi-pro 781-1', 0, 0, 0, 0, '2022-07-01', 0, 0, 0, 0, '2022-07-06 16:31:20', '2022-07-17 06:32:21'),
(165, 26, 'PELET781', 'Pelet Ikan Hi-pro 781', 0, 0, 0, 0, '2022-01-01', 0, 0, 0, 0, '2022-07-06 16:31:20', '2022-07-17 06:32:21'),
(166, 26, 'PELET781', 'Pelet Ikan Hi-pro 781', 0, 0, 0, 0, '2022-02-01', 0, 0, 0, 0, '2022-07-06 16:31:20', '2022-07-17 06:32:21'),
(167, 26, 'PELET781', 'Pelet Ikan Hi-pro 781', 0, 0, 0, 0, '2022-03-01', 0, 0, 0, 0, '2022-07-06 16:31:20', '2022-07-17 06:32:21'),
(168, 26, 'PELET781', 'Pelet Ikan Hi-pro 781', 0, 0, 0, 0, '2022-04-01', 0, 0, 0, 0, '2022-07-06 16:31:20', '2022-07-17 06:32:21'),
(169, 26, 'PELET781', 'Pelet Ikan Hi-pro 781', 0, 0, 0, 0, '2022-05-01', 0, 0, 0, 0, '2022-07-06 16:31:20', '2022-07-17 06:32:21'),
(170, 26, 'PELET781', 'Pelet Ikan Hi-pro 781', 0, 0, 0, 0, '2022-06-01', 0, 0, 0, 0, '2022-07-06 16:31:20', '2022-07-17 06:32:21'),
(171, 26, 'PELET781', 'Pelet Ikan Hi-pro 781', 0, 0, 0, 0, '2022-07-01', 0, 0, 0, 0, '2022-07-06 16:31:20', '2022-07-17 06:32:21'),
(172, 27, 'GUTINGTIGER700', 'Gunting Kebun Tiger 700 Pruning', 0, 0, 0, 0, '2022-01-01', 0, 0, 0, 0, '2022-07-06 16:31:20', '2022-07-17 06:32:21'),
(173, 27, 'GUTINGTIGER700', 'Gunting Kebun Tiger 700 Pruning', 0, 0, 0, 0, '2022-02-01', 0, 0, 0, 0, '2022-07-06 16:31:20', '2022-07-17 06:32:21'),
(174, 27, 'GUTINGTIGER700', 'Gunting Kebun Tiger 700 Pruning', 0, 0, 0, 0, '2022-03-01', 0, 0, 0, 0, '2022-07-06 16:31:20', '2022-07-17 06:32:21'),
(175, 27, 'GUTINGTIGER700', 'Gunting Kebun Tiger 700 Pruning', 0, 0, 0, 0, '2022-04-01', 0, 0, 0, 0, '2022-07-06 16:31:20', '2022-07-17 06:32:21'),
(176, 27, 'GUTINGTIGER700', 'Gunting Kebun Tiger 700 Pruning', 0, 0, 0, 0, '2022-05-01', 0, 0, 0, 0, '2022-07-06 16:31:20', '2022-07-17 06:32:21'),
(177, 27, 'GUTINGTIGER700', 'Gunting Kebun Tiger 700 Pruning', 0, 0, 0, 0, '2022-06-01', 0, 0, 0, 0, '2022-07-06 16:31:20', '2022-07-17 06:32:21'),
(178, 27, 'GUTINGTIGER700', 'Gunting Kebun Tiger 700 Pruning', 0, 0, 0, 0, '2022-07-01', 0, 0, 0, 0, '2022-07-06 16:31:20', '2022-07-17 06:32:21'),
(179, 28, 'PHTANAH', 'PH Meter Tanah', 0, 0, 0, 0, '2022-01-01', 0, 0, 0, 0, '2022-07-06 16:31:20', '2022-07-17 06:32:21'),
(180, 28, 'PHTANAH', 'PH Meter Tanah', 0, 0, 0, 0, '2022-02-01', 0, 0, 0, 0, '2022-07-06 16:31:20', '2022-07-17 06:32:21'),
(181, 28, 'PHTANAH', 'PH Meter Tanah', 0, 0, 0, 0, '2022-03-01', 0, 0, 0, 0, '2022-07-06 16:31:20', '2022-07-17 06:32:21'),
(182, 28, 'PHTANAH', 'PH Meter Tanah', 0, 0, 0, 0, '2022-04-01', 0, 0, 0, 0, '2022-07-06 16:31:20', '2022-07-17 06:32:21'),
(183, 28, 'PHTANAH', 'PH Meter Tanah', 0, 0, 0, 0, '2022-05-01', 0, 0, 0, 0, '2022-07-06 16:31:20', '2022-07-17 06:32:21'),
(184, 28, 'PHTANAH', 'PH Meter Tanah', 0, 0, 0, 0, '2022-06-01', 0, 0, 0, 0, '2022-07-06 16:31:20', '2022-07-17 06:32:21'),
(185, 28, 'PHTANAH', 'PH Meter Tanah', 0, 0, 0, 0, '2022-07-01', 0, 0, 0, 0, '2022-07-06 16:31:20', '2022-07-17 06:32:21'),
(186, 29, 'SPRAYER5L', 'Pressure Sprayer Vistar 5L', 0, 0, 0, 0, '2022-01-01', 0, 0, 0, 0, '2022-07-06 16:31:20', '2022-07-17 06:32:21'),
(187, 29, 'SPRAYER5L', 'Pressure Sprayer Vistar 5L', 0, 0, 0, 0, '2022-02-01', 0, 0, 0, 0, '2022-07-06 16:31:20', '2022-07-17 06:32:21'),
(188, 29, 'SPRAYER5L', 'Pressure Sprayer Vistar 5L', 0, 0, 0, 0, '2022-03-01', 0, 0, 0, 0, '2022-07-06 16:31:20', '2022-07-17 06:32:21'),
(189, 29, 'SPRAYER5L', 'Pressure Sprayer Vistar 5L', 0, 0, 0, 0, '2022-04-01', 0, 0, 0, 0, '2022-07-06 16:31:20', '2022-07-17 06:32:21'),
(190, 29, 'SPRAYER5L', 'Pressure Sprayer Vistar 5L', 0, 0, 0, 0, '2022-05-01', 0, 0, 0, 0, '2022-07-06 16:31:20', '2022-07-17 06:32:21'),
(191, 29, 'SPRAYER5L', 'Pressure Sprayer Vistar 5L', 0, 0, 0, 0, '2022-06-01', 0, 0, 0, 0, '2022-07-06 16:31:20', '2022-07-17 06:32:21'),
(192, 29, 'SPRAYER5L', 'Pressure Sprayer Vistar 5L', 0, 0, 0, 0, '2022-07-01', 0, 0, 0, 0, '2022-07-06 16:31:20', '2022-07-17 06:32:21'),
(193, 30, 'HTCPPU100', 'Hormon Tanaman CPPU 100ml', 30, 0, 0, 30, '2022-01-01', 0, 0, 0, 0, '2022-07-06 16:31:20', '2022-07-17 06:32:21'),
(194, 30, 'HTCPPU100', 'Hormon Tanaman CPPU 100ml', 30, 0, 0, 30, '2022-02-01', 0, 0, 0, 0, '2022-07-06 16:31:20', '2022-07-17 06:32:21'),
(195, 30, 'HTCPPU100', 'Hormon Tanaman CPPU 100ml', 30, 0, 0, 30, '2022-03-01', 0, 0, 0, 0, '2022-07-06 16:31:20', '2022-07-17 06:32:21'),
(196, 30, 'HTCPPU100', 'Hormon Tanaman CPPU 100ml', 30, 0, 0, 30, '2022-04-01', 0, 0, 0, 0, '2022-07-06 16:31:20', '2022-07-17 06:32:21'),
(197, 30, 'HTCPPU100', 'Hormon Tanaman CPPU 100ml', 30, 0, 0, 30, '2022-05-01', 0, 0, 0, 0, '2022-07-06 16:31:20', '2022-07-17 06:32:21'),
(198, 30, 'HTCPPU100', 'Hormon Tanaman CPPU 100ml', 30, 0, 0, 30, '2022-06-01', 0, 0, 0, 0, '2022-07-06 16:31:20', '2022-07-17 06:32:21'),
(199, 30, 'HTCPPU100', 'Hormon Tanaman CPPU 100ml', 30, 0, 0, 30, '2022-07-01', 0, 0, 0, 0, '2022-07-06 16:31:20', '2022-07-17 06:32:21'),
(200, 31, 'HTSTREPSON100', 'Hormon Tanaman Strepson 100ml', 30, 0, 0, 30, '2022-01-01', 0, 0, 0, 0, '2022-07-06 16:31:20', '2022-07-17 06:32:21'),
(201, 31, 'HTSTREPSON100', 'Hormon Tanaman Strepson 100ml', 30, 0, 0, 30, '2022-02-01', 0, 0, 0, 0, '2022-07-06 16:31:20', '2022-07-17 06:32:21'),
(202, 31, 'HTSTREPSON100', 'Hormon Tanaman Strepson 100ml', 30, 0, 0, 30, '2022-03-01', 0, 0, 0, 0, '2022-07-06 16:31:20', '2022-07-17 06:32:21'),
(203, 31, 'HTSTREPSON100', 'Hormon Tanaman Strepson 100ml', 30, 0, 0, 30, '2022-04-01', 0, 0, 0, 0, '2022-07-06 16:31:20', '2022-07-17 06:32:21'),
(204, 31, 'HTSTREPSON100', 'Hormon Tanaman Strepson 100ml', 30, 0, 0, 30, '2022-05-01', 0, 0, 0, 0, '2022-07-06 16:31:20', '2022-07-17 06:32:21'),
(205, 31, 'HTSTREPSON100', 'Hormon Tanaman Strepson 100ml', 30, 0, 0, 30, '2022-06-01', 0, 0, 0, 0, '2022-07-06 16:31:20', '2022-07-17 06:32:21'),
(206, 31, 'HTSTREPSON100', 'Hormon Tanaman Strepson 100ml', 30, 0, 0, 30, '2022-07-01', 0, 0, 0, 0, '2022-07-06 16:31:20', '2022-07-17 06:32:21'),
(207, 32, 'HTABA100', 'Hormon Tanaman ABA 100ml', 30, 0, 0, 30, '2022-01-01', 0, 0, 0, 0, '2022-07-06 16:31:20', '2022-07-17 06:32:21'),
(208, 32, 'HTABA100', 'Hormon Tanaman ABA 100ml', 30, 0, 0, 30, '2022-02-01', 0, 0, 0, 0, '2022-07-06 16:31:20', '2022-07-17 06:32:21'),
(209, 32, 'HTABA100', 'Hormon Tanaman ABA 100ml', 30, 0, 0, 30, '2022-03-01', 0, 0, 0, 0, '2022-07-06 16:31:20', '2022-07-17 06:32:21'),
(210, 32, 'HTABA100', 'Hormon Tanaman ABA 100ml', 30, 0, 0, 30, '2022-04-01', 0, 0, 0, 0, '2022-07-06 16:31:20', '2022-07-17 06:32:21'),
(211, 32, 'HTABA100', 'Hormon Tanaman ABA 100ml', 30, 0, 0, 30, '2022-05-01', 0, 0, 0, 0, '2022-07-06 16:31:20', '2022-07-17 06:32:21'),
(212, 32, 'HTABA100', 'Hormon Tanaman ABA 100ml', 30, 0, 0, 30, '2022-06-01', 0, 0, 0, 0, '2022-07-06 16:31:20', '2022-07-17 06:32:21'),
(213, 32, 'HTABA100', 'Hormon Tanaman ABA 100ml', 30, 0, 0, 30, '2022-07-01', 0, 0, 0, 0, '2022-07-06 16:31:20', '2022-07-17 06:32:21'),
(214, 33, 'HTCOLCHI100', 'Hormon Colchicine 100ml', 30, 0, 0, 30, '2022-01-01', 0, 0, 0, 0, '2022-07-06 16:31:20', '2022-07-17 06:32:21'),
(215, 33, 'HTCOLCHI100', 'Hormon Colchicine 100ml', 30, 0, 0, 30, '2022-02-01', 0, 0, 0, 0, '2022-07-06 16:31:20', '2022-07-17 06:32:21'),
(216, 33, 'HTCOLCHI100', 'Hormon Colchicine 100ml', 30, 0, 0, 30, '2022-03-01', 0, 0, 0, 0, '2022-07-06 16:31:20', '2022-07-17 06:32:21'),
(217, 33, 'HTCOLCHI100', 'Hormon Colchicine 100ml', 30, 0, 0, 30, '2022-04-01', 0, 0, 0, 0, '2022-07-06 16:31:20', '2022-07-17 06:32:21'),
(218, 33, 'HTCOLCHI100', 'Hormon Colchicine 100ml', 30, 0, 0, 30, '2022-05-01', 0, 0, 0, 0, '2022-07-06 16:31:20', '2022-07-17 06:32:21'),
(219, 33, 'HTCOLCHI100', 'Hormon Colchicine 100ml', 30, 0, 0, 30, '2022-06-01', 0, 0, 0, 0, '2022-07-06 16:31:20', '2022-07-17 06:32:21'),
(220, 33, 'HTCOLCHI100', 'Hormon Colchicine 100ml', 30, 0, 0, 30, '2022-07-01', 0, 0, 0, 0, '2022-07-06 16:31:20', '2022-07-17 06:32:21'),
(221, 34, 'HTIBA100', 'Hormon Tanaman IBA 100ml', 30, 0, 0, 30, '2022-01-01', 0, 0, 0, 0, '2022-07-06 16:31:20', '2022-07-17 06:32:21'),
(222, 34, 'HTIBA100', 'Hormon Tanaman IBA 100ml', 30, 0, 0, 30, '2022-02-01', 0, 0, 0, 0, '2022-07-06 16:31:20', '2022-07-17 06:32:21'),
(223, 34, 'HTIBA100', 'Hormon Tanaman IBA 100ml', 30, 0, 0, 30, '2022-03-01', 0, 0, 0, 0, '2022-07-06 16:31:20', '2022-07-17 06:32:21'),
(224, 34, 'HTIBA100', 'Hormon Tanaman IBA 100ml', 30, 0, 0, 30, '2022-04-01', 0, 0, 0, 0, '2022-07-06 16:31:20', '2022-07-17 06:32:21'),
(225, 34, 'HTIBA100', 'Hormon Tanaman IBA 100ml', 30, 0, 0, 30, '2022-05-01', 0, 0, 0, 0, '2022-07-06 16:31:20', '2022-07-17 06:32:21'),
(226, 34, 'HTIBA100', 'Hormon Tanaman IBA 100ml', 30, 0, 0, 30, '2022-06-01', 0, 0, 0, 0, '2022-07-06 16:31:20', '2022-07-17 06:32:21'),
(227, 34, 'HTIBA100', 'Hormon Tanaman IBA 100ml', 30, 0, 0, 30, '2022-07-01', 0, 0, 0, 0, '2022-07-06 16:31:20', '2022-07-17 06:32:21'),
(228, 35, 'HTZURON100', 'Hormon Tidiazuron 100ml', 30, 0, 0, 30, '2022-01-01', 0, 0, 0, 0, '2022-07-06 16:31:20', '2022-07-17 06:32:21'),
(229, 35, 'HTZURON100', 'Hormon Tidiazuron 100ml', 30, 0, 0, 30, '2022-02-01', 0, 0, 0, 0, '2022-07-06 16:31:20', '2022-07-17 06:32:21'),
(230, 35, 'HTZURON100', 'Hormon Tidiazuron 100ml', 30, 0, 0, 30, '2022-03-01', 0, 0, 0, 0, '2022-07-06 16:31:20', '2022-07-17 06:32:21'),
(231, 35, 'HTZURON100', 'Hormon Tidiazuron 100ml', 30, 0, 0, 30, '2022-04-01', 0, 0, 0, 0, '2022-07-06 16:31:20', '2022-07-17 06:32:21'),
(232, 35, 'HTZURON100', 'Hormon Tidiazuron 100ml', 30, 0, 0, 30, '2022-05-01', 0, 0, 0, 0, '2022-07-06 16:31:20', '2022-07-17 06:32:21'),
(233, 35, 'HTZURON100', 'Hormon Tidiazuron 100ml', 30, 0, 0, 30, '2022-06-01', 0, 0, 0, 0, '2022-07-06 16:31:20', '2022-07-17 06:32:21'),
(234, 35, 'HTZURON100', 'Hormon Tidiazuron 100ml', 30, 0, 0, 30, '2022-07-01', 0, 0, 0, 0, '2022-07-06 16:31:20', '2022-07-17 06:32:21'),
(235, 36, 'HTMIXAUSIT100', 'Hormon Mix AukSito 100ml', 30, 0, 0, 30, '2022-01-01', 0, 0, 0, 0, '2022-07-06 16:31:20', '2022-07-17 06:32:21'),
(236, 36, 'HTMIXAUSIT100', 'Hormon Mix AukSito 100ml', 30, 0, 0, 30, '2022-02-01', 0, 0, 0, 0, '2022-07-06 16:31:20', '2022-07-17 06:32:21'),
(237, 36, 'HTMIXAUSIT100', 'Hormon Mix AukSito 100ml', 30, 0, 0, 30, '2022-03-01', 0, 0, 0, 0, '2022-07-06 16:31:20', '2022-07-17 06:32:21'),
(238, 36, 'HTMIXAUSIT100', 'Hormon Mix AukSito 100ml', 30, 0, 0, 30, '2022-04-01', 0, 0, 0, 0, '2022-07-06 16:31:20', '2022-07-17 06:32:21'),
(239, 36, 'HTMIXAUSIT100', 'Hormon Mix AukSito 100ml', 30, 0, 0, 30, '2022-05-01', 0, 0, 0, 0, '2022-07-06 16:31:20', '2022-07-17 06:32:21'),
(240, 36, 'HTMIXAUSIT100', 'Hormon Mix AukSito 100ml', 30, 0, 0, 30, '2022-06-01', 0, 0, 0, 0, '2022-07-06 16:31:20', '2022-07-17 06:32:21'),
(241, 36, 'HTMIXAUSIT100', 'Hormon Mix AukSito 100ml', 30, 0, 0, 30, '2022-07-01', 0, 0, 0, 0, '2022-07-06 16:31:20', '2022-07-17 06:32:21'),
(242, 37, 'HTTRIA100', 'Hormon Tanaman Triakonta 100ml', 30, 0, 0, 30, '2022-01-01', 0, 0, 0, 0, '2022-07-06 16:31:20', '2022-07-17 06:32:21'),
(243, 37, 'HTTRIA100', 'Hormon Tanaman Triakonta 100ml', 30, 0, 0, 30, '2022-02-01', 0, 0, 0, 0, '2022-07-06 16:31:20', '2022-07-17 06:32:21'),
(244, 37, 'HTTRIA100', 'Hormon Tanaman Triakonta 100ml', 30, 0, 0, 30, '2022-03-01', 0, 0, 0, 0, '2022-07-06 16:31:20', '2022-07-17 06:32:21'),
(245, 37, 'HTTRIA100', 'Hormon Tanaman Triakonta 100ml', 30, 0, 0, 30, '2022-04-01', 0, 0, 0, 0, '2022-07-06 16:31:20', '2022-07-17 06:32:21'),
(246, 37, 'HTTRIA100', 'Hormon Tanaman Triakonta 100ml', 30, 0, 0, 30, '2022-05-01', 0, 0, 0, 0, '2022-07-06 16:31:20', '2022-07-17 06:32:21'),
(247, 37, 'HTTRIA100', 'Hormon Tanaman Triakonta 100ml', 30, 0, 0, 30, '2022-06-01', 0, 0, 0, 0, '2022-07-06 16:31:20', '2022-07-17 06:32:21'),
(248, 37, 'HTTRIA100', 'Hormon Tanaman Triakonta 100ml', 30, 0, 0, 30, '2022-07-01', 0, 0, 0, 0, '2022-07-06 16:31:20', '2022-07-17 06:32:21'),
(249, 38, 'HTGIBE100', 'Hormon Tanaman Giberelin 100ml', 30, 0, 0, 30, '2022-01-01', 0, 0, 0, 0, '2022-07-06 16:31:20', '2022-07-17 06:32:21'),
(250, 38, 'HTGIBE100', 'Hormon Tanaman Giberelin 100ml', 30, 0, 0, 30, '2022-02-01', 0, 0, 0, 0, '2022-07-06 16:31:20', '2022-07-17 06:32:21'),
(251, 38, 'HTGIBE100', 'Hormon Tanaman Giberelin 100ml', 30, 0, 0, 30, '2022-03-01', 0, 0, 0, 0, '2022-07-06 16:31:20', '2022-07-17 06:32:21'),
(252, 38, 'HTGIBE100', 'Hormon Tanaman Giberelin 100ml', 30, 0, 0, 30, '2022-04-01', 0, 0, 0, 0, '2022-07-06 16:31:20', '2022-07-17 06:32:21'),
(253, 38, 'HTGIBE100', 'Hormon Tanaman Giberelin 100ml', 30, 0, 0, 30, '2022-05-01', 0, 0, 0, 0, '2022-07-06 16:31:20', '2022-07-17 06:32:21'),
(254, 38, 'HTGIBE100', 'Hormon Tanaman Giberelin 100ml', 30, 0, 0, 30, '2022-06-01', 0, 0, 0, 0, '2022-07-06 16:31:20', '2022-07-17 06:32:21'),
(255, 38, 'HTGIBE100', 'Hormon Tanaman Giberelin 100ml', 30, 0, 0, 30, '2022-07-01', 0, 0, 0, 0, '2022-07-06 16:31:20', '2022-07-17 06:32:21'),
(256, 39, 'HTSITO100', 'Hormon Tanaman Sitokinin 100ml', 30, 0, 0, 30, '2022-01-01', 0, 0, 0, 0, '2022-07-06 16:31:20', '2022-07-17 06:32:21'),
(257, 39, 'HTSITO100', 'Hormon Tanaman Sitokinin 100ml', 30, 0, 0, 30, '2022-02-01', 0, 0, 0, 0, '2022-07-06 16:31:20', '2022-07-17 06:32:21'),
(258, 39, 'HTSITO100', 'Hormon Tanaman Sitokinin 100ml', 30, 0, 0, 30, '2022-03-01', 0, 0, 0, 0, '2022-07-06 16:31:20', '2022-07-17 06:32:21'),
(259, 39, 'HTSITO100', 'Hormon Tanaman Sitokinin 100ml', 30, 0, 0, 30, '2022-04-01', 0, 0, 0, 0, '2022-07-06 16:31:20', '2022-07-17 06:32:21'),
(260, 39, 'HTSITO100', 'Hormon Tanaman Sitokinin 100ml', 30, 0, 0, 30, '2022-05-01', 0, 0, 0, 0, '2022-07-06 16:31:20', '2022-07-17 06:32:21'),
(261, 39, 'HTSITO100', 'Hormon Tanaman Sitokinin 100ml', 30, 0, 0, 30, '2022-06-01', 0, 0, 0, 0, '2022-07-06 16:31:20', '2022-07-17 06:32:21'),
(262, 39, 'HTSITO100', 'Hormon Tanaman Sitokinin 100ml', 30, 0, 0, 30, '2022-07-01', 0, 0, 0, 0, '2022-07-06 16:31:20', '2022-07-17 06:32:21'),
(263, 40, 'HTAUKSIN100', 'Hormon Tanaman Auksin 100ml', 30, 0, 0, 30, '2022-01-01', 0, 0, 0, 0, '2022-07-06 16:31:20', '2022-07-17 06:32:21'),
(264, 40, 'HTAUKSIN100', 'Hormon Tanaman Auksin 100ml', 30, 0, 0, 30, '2022-02-01', 0, 0, 0, 0, '2022-07-06 16:31:20', '2022-07-17 06:32:21'),
(265, 40, 'HTAUKSIN100', 'Hormon Tanaman Auksin 100ml', 30, 0, 0, 30, '2022-03-01', 0, 0, 0, 0, '2022-07-06 16:31:20', '2022-07-17 06:32:21'),
(266, 40, 'HTAUKSIN100', 'Hormon Tanaman Auksin 100ml', 30, 0, 0, 30, '2022-04-01', 0, 0, 0, 0, '2022-07-06 16:31:20', '2022-07-17 06:32:21'),
(267, 40, 'HTAUKSIN100', 'Hormon Tanaman Auksin 100ml', 30, 0, 0, 30, '2022-05-01', 0, 0, 0, 0, '2022-07-06 16:31:20', '2022-07-17 06:32:21'),
(268, 40, 'HTAUKSIN100', 'Hormon Tanaman Auksin 100ml', 30, 0, 0, 30, '2022-06-01', 0, 0, 0, 0, '2022-07-06 16:31:20', '2022-07-17 06:32:21'),
(269, 40, 'HTAUKSIN100', 'Hormon Tanaman Auksin 100ml', 30, 0, 0, 30, '2022-07-01', 0, 0, 0, 0, '2022-07-06 16:31:20', '2022-07-17 06:32:21'),
(270, 41, 'HTMIXAUGI100', 'Hormon Mix AuGib 100ml', 30, 0, 0, 30, '2022-01-01', 0, 0, 0, 0, '2022-07-06 16:31:20', '2022-07-17 06:32:21'),
(271, 41, 'HTMIXAUGI100', 'Hormon Mix AuGib 100ml', 30, 0, 0, 30, '2022-02-01', 0, 0, 0, 0, '2022-07-06 16:31:20', '2022-07-17 06:32:21'),
(272, 41, 'HTMIXAUGI100', 'Hormon Mix AuGib 100ml', 30, 0, 0, 30, '2022-03-01', 0, 0, 0, 0, '2022-07-06 16:31:20', '2022-07-17 06:32:21'),
(273, 41, 'HTMIXAUGI100', 'Hormon Mix AuGib 100ml', 30, 0, 0, 30, '2022-04-01', 0, 0, 0, 0, '2022-07-06 16:31:20', '2022-07-17 06:32:21'),
(274, 41, 'HTMIXAUGI100', 'Hormon Mix AuGib 100ml', 30, 0, 0, 30, '2022-05-01', 0, 0, 0, 0, '2022-07-06 16:31:20', '2022-07-17 06:32:21'),
(275, 41, 'HTMIXAUGI100', 'Hormon Mix AuGib 100ml', 30, 0, 0, 30, '2022-06-01', 0, 0, 0, 0, '2022-07-06 16:31:20', '2022-07-17 06:32:21'),
(276, 41, 'HTMIXAUGI100', 'Hormon Mix AuGib 100ml', 30, 0, 0, 30, '2022-07-01', 0, 0, 0, 0, '2022-07-06 16:31:20', '2022-07-17 06:32:21'),
(277, 42, 'HTPACLO100', 'Hormon Paclobutrazol 100ml', 30, 0, 0, 30, '2022-01-01', 0, 0, 0, 0, '2022-07-06 16:31:20', '2022-07-17 06:32:21'),
(278, 42, 'HTPACLO100', 'Hormon Paclobutrazol 100ml', 30, 0, 0, 30, '2022-02-01', 0, 0, 0, 0, '2022-07-06 16:31:20', '2022-07-17 06:32:21'),
(279, 42, 'HTPACLO100', 'Hormon Paclobutrazol 100ml', 30, 0, 0, 30, '2022-03-01', 0, 0, 0, 0, '2022-07-06 16:31:20', '2022-07-17 06:32:21'),
(280, 42, 'HTPACLO100', 'Hormon Paclobutrazol 100ml', 30, 0, 0, 30, '2022-04-01', 0, 0, 0, 0, '2022-07-06 16:31:20', '2022-07-17 06:32:21'),
(281, 42, 'HTPACLO100', 'Hormon Paclobutrazol 100ml', 30, 0, 0, 30, '2022-05-01', 0, 0, 0, 0, '2022-07-06 16:31:20', '2022-07-17 06:32:21'),
(282, 42, 'HTPACLO100', 'Hormon Paclobutrazol 100ml', 30, 0, 0, 30, '2022-06-01', 0, 0, 0, 0, '2022-07-06 16:31:20', '2022-07-17 06:32:21'),
(283, 42, 'HTPACLO100', 'Hormon Paclobutrazol 100ml', 30, 0, 0, 30, '2022-07-01', 0, 0, 0, 0, '2022-07-06 16:31:20', '2022-07-17 06:32:21'),
(284, 43, 'HTKINETIN100', 'Hormon Tanaman Kinetin 100ml', 30, 0, 0, 30, '2022-01-01', 0, 0, 0, 0, '2022-07-06 16:31:20', '2022-07-17 06:32:21'),
(285, 43, 'HTKINETIN100', 'Hormon Tanaman Kinetin 100ml', 30, 0, 0, 30, '2022-02-01', 0, 0, 0, 0, '2022-07-06 16:31:20', '2022-07-17 06:32:21'),
(286, 43, 'HTKINETIN100', 'Hormon Tanaman Kinetin 100ml', 30, 0, 0, 30, '2022-03-01', 0, 0, 0, 0, '2022-07-06 16:31:20', '2022-07-17 06:32:21'),
(287, 43, 'HTKINETIN100', 'Hormon Tanaman Kinetin 100ml', 30, 0, 0, 30, '2022-04-01', 0, 0, 0, 0, '2022-07-06 16:31:20', '2022-07-17 06:32:21'),
(288, 43, 'HTKINETIN100', 'Hormon Tanaman Kinetin 100ml', 30, 0, 0, 30, '2022-05-01', 0, 0, 0, 0, '2022-07-06 16:31:20', '2022-07-17 06:32:21'),
(289, 43, 'HTKINETIN100', 'Hormon Tanaman Kinetin 100ml', 30, 0, 0, 30, '2022-06-01', 0, 0, 0, 0, '2022-07-06 16:31:20', '2022-07-17 06:32:21'),
(290, 43, 'HTKINETIN100', 'Hormon Tanaman Kinetin 100ml', 30, 0, 0, 30, '2022-07-01', 0, 0, 0, 0, '2022-07-06 16:31:20', '2022-07-17 06:32:21'),
(291, 44, 'HTAUKNAA100', 'Hormon Auksin NAA 100ml', 30, 0, 0, 30, '2022-01-01', 0, 0, 0, 0, '2022-07-06 16:31:20', '2022-07-17 06:32:21'),
(292, 44, 'HTAUKNAA100', 'Hormon Auksin NAA 100ml', 30, 0, 0, 30, '2022-02-01', 0, 0, 0, 0, '2022-07-06 16:31:20', '2022-07-17 06:32:21'),
(293, 44, 'HTAUKNAA100', 'Hormon Auksin NAA 100ml', 30, 0, 0, 30, '2022-03-01', 0, 0, 0, 0, '2022-07-06 16:31:20', '2022-07-17 06:32:21'),
(294, 44, 'HTAUKNAA100', 'Hormon Auksin NAA 100ml', 30, 0, 0, 30, '2022-04-01', 0, 0, 0, 0, '2022-07-06 16:31:20', '2022-07-17 06:32:21'),
(295, 44, 'HTAUKNAA100', 'Hormon Auksin NAA 100ml', 30, 0, 0, 30, '2022-05-01', 0, 0, 0, 0, '2022-07-06 16:31:20', '2022-07-17 06:32:21'),
(296, 44, 'HTAUKNAA100', 'Hormon Auksin NAA 100ml', 30, 0, 0, 30, '2022-06-01', 0, 0, 0, 0, '2022-07-06 16:31:20', '2022-07-17 06:32:21'),
(297, 44, 'HTAUKNAA100', 'Hormon Auksin NAA 100ml', 30, 0, 0, 30, '2022-07-01', 0, 0, 0, 0, '2022-07-06 16:31:20', '2022-07-17 06:32:21'),
(298, 45, 'HTGA47', 'Hormon Tanaman GA47 100ml', 30, 0, 0, 30, '2022-01-01', 0, 0, 0, 0, '2022-07-06 16:31:20', '2022-07-17 06:32:21'),
(299, 45, 'HTGA47', 'Hormon Tanaman GA47 100ml', 30, 0, 0, 30, '2022-02-01', 0, 0, 0, 0, '2022-07-06 16:31:20', '2022-07-17 06:32:21'),
(300, 45, 'HTGA47', 'Hormon Tanaman GA47 100ml', 30, 0, 0, 30, '2022-03-01', 0, 0, 0, 0, '2022-07-06 16:31:20', '2022-07-17 06:32:21'),
(301, 45, 'HTGA47', 'Hormon Tanaman GA47 100ml', 30, 0, 0, 30, '2022-04-01', 0, 0, 0, 0, '2022-07-06 16:31:20', '2022-07-17 06:32:21'),
(302, 45, 'HTGA47', 'Hormon Tanaman GA47 100ml', 30, 0, 0, 30, '2022-05-01', 0, 0, 0, 0, '2022-07-06 16:31:20', '2022-07-17 06:32:21'),
(303, 45, 'HTGA47', 'Hormon Tanaman GA47 100ml', 30, 0, 0, 30, '2022-06-01', 0, 0, 0, 0, '2022-07-06 16:31:20', '2022-07-17 06:32:21'),
(304, 45, 'HTGA47', 'Hormon Tanaman GA47 100ml', 30, 0, 0, 30, '2022-07-01', 0, 0, 0, 0, '2022-07-06 16:31:20', '2022-07-17 06:32:21');

-- --------------------------------------------------------

--
-- Table structure for table `sells`
--

CREATE TABLE `sells` (
  `id_sell` int(10) UNSIGNED NOT NULL,
  `tgl_sell` date NOT NULL,
  `id_karyawan` int(10) UNSIGNED NOT NULL,
  `id_produk` int(10) UNSIGNED NOT NULL,
  `qty` int(11) NOT NULL,
  `status` tinyint(4) NOT NULL DEFAULT 0,
  `created_at` timestamp NOT NULL DEFAULT current_timestamp(),
  `updated_at` timestamp NULL DEFAULT current_timestamp()
) ENGINE=InnoDB DEFAULT CHARSET=latin1;

--
-- Dumping data for table `sells`
--

INSERT INTO `sells` (`id_sell`, `tgl_sell`, `id_karyawan`, `id_produk`, `qty`, `status`, `created_at`, `updated_at`) VALUES
(19, '2021-12-20', 4, 5, 30, 1, '2022-03-27 21:32:07', '2022-04-12 12:15:40'),
(20, '2022-01-20', 4, 5, 50, 1, '2022-03-27 21:33:17', '2022-04-12 12:15:40'),
(23, '2022-02-20', 4, 5, 60, 1, '2022-03-27 21:46:10', '2022-04-12 12:15:40'),
(24, '2022-03-20', 4, 5, 60, 1, '2022-03-27 22:05:21', '2022-04-12 12:15:40'),
(139, '2022-01-27', 4, 6, 96, 1, '2022-06-27 04:45:24', '2022-07-06 10:33:10'),
(140, '2022-02-27', 4, 6, 100, 1, '2022-06-27 04:45:46', '2022-07-06 10:33:10'),
(141, '2022-03-27', 4, 6, 120, 1, '2022-06-27 04:45:59', '2022-07-06 10:33:10'),
(142, '2022-04-27', 4, 6, 100, 1, '2022-06-27 04:46:11', '2022-07-06 10:33:10'),
(149, '2022-01-28', 4, 7, 96, 1, '2022-06-29 10:35:33', '2022-07-06 10:33:10'),
(150, '2022-02-28', 4, 7, 106, 1, '2022-06-29 10:35:49', '2022-07-06 10:33:10'),
(151, '2022-03-29', 4, 7, 120, 1, '2022-06-29 10:36:03', '2022-07-06 10:33:10'),
(152, '2022-04-28', 4, 7, 82, 1, '2022-06-29 10:36:15', '2022-07-06 10:33:10'),
(153, '2022-01-19', 4, 14, 10, 1, '2022-07-06 13:47:44', '2022-07-06 13:47:48'),
(154, '2022-01-17', 4, 15, 20, 1, '2022-07-06 13:51:20', '2022-07-06 13:51:25'),
(155, '2022-01-28', 4, 16, 45, 0, '2022-07-06 14:43:03', '2022-07-06 14:43:03'),
(156, '2022-02-06', 4, 16, 50, 0, '2022-07-06 16:59:56', '2022-07-06 16:59:56'),
(158, '2022-07-17', 11, 5, 20, 1, '2022-07-17 05:22:34', '2022-07-17 05:22:34');

--
-- Triggers `sells`
--
DELIMITER $$
CREATE TRIGGER `cancel_sell` AFTER DELETE ON `sells` FOR EACH ROW BEGIN
	UPDATE products SET stok_produk = products.stok_produk + OLD.qty
	WHERE id_produk = OLD.id_produk;
END
$$
DELIMITER ;
DELIMITER $$
CREATE TRIGGER `pengambilan` BEFORE INSERT ON `sells` FOR EACH ROW BEGIN
	UPDATE products SET stok_produk = stok_produk-NEW.qty
    WHERE id_produk = NEW.id_produk;
END
$$
DELIMITER ;

-- --------------------------------------------------------

--
-- Table structure for table `units`
--

CREATE TABLE `units` (
  `id_unit` int(10) UNSIGNED NOT NULL,
  `nama_unit` varchar(100) NOT NULL,
  `created_at` timestamp NOT NULL DEFAULT current_timestamp(),
  `updated_at` timestamp NOT NULL DEFAULT current_timestamp()
) ENGINE=InnoDB DEFAULT CHARSET=latin1;

--
-- Dumping data for table `units`
--

INSERT INTO `units` (`id_unit`, `nama_unit`, `created_at`, `updated_at`) VALUES
(1, 'KILOGRAM', '2019-11-28 14:30:50', '2022-03-27 16:29:43'),
(4, 'LITER', '2022-03-27 16:23:30', '2022-03-27 16:30:04'),
(5, 'GRAM', '2022-03-27 16:29:48', '2022-03-27 16:29:48'),
(6, 'PCS', '2022-06-27 13:33:26', '2022-06-27 13:33:26');

-- --------------------------------------------------------

--
-- Table structure for table `users`
--

CREATE TABLE `users` (
  `id` int(10) UNSIGNED NOT NULL,
  `name` varchar(191) COLLATE utf8mb4_unicode_ci NOT NULL,
  `username` varchar(20) COLLATE utf8mb4_unicode_ci NOT NULL,
  `email` varchar(191) COLLATE utf8mb4_unicode_ci NOT NULL,
  `akses` enum('admin','operator') COLLATE utf8mb4_unicode_ci NOT NULL DEFAULT 'operator',
  `password` varchar(191) COLLATE utf8mb4_unicode_ci NOT NULL,
  `remember_token` varchar(100) COLLATE utf8mb4_unicode_ci DEFAULT NULL,
  `created_at` timestamp NULL DEFAULT NULL,
  `updated_at` timestamp NULL DEFAULT NULL
) ENGINE=InnoDB DEFAULT CHARSET=utf8mb4 COLLATE=utf8mb4_unicode_ci;

--
-- Dumping data for table `users`
--

INSERT INTO `users` (`id`, `name`, `username`, `email`, `akses`, `password`, `remember_token`, `created_at`, `updated_at`) VALUES
(4, 'Administrator', 'admin', 'admin@contoh.com', 'admin', '$2y$10$MnTwLh0DfW8NYyfF.eMaKelqZZkQpq4/RtW.2I.XU3aoOdlExVyDO', '7Jw2gO6AVqQXiOWSrHM28BjLhps3g0lN4moATXdlyWYUg6aPZ7tXkAlbCFex', '2019-03-27 09:18:02', '2019-11-28 02:18:04'),
(9, 'Rizki ramadhan', 'rizmdhn', 'rizkir42@gmail.com', 'admin', '$2y$10$Br2oeBtW/BYP69gEwFGg1eRZYTNyPWWdeK8MHY81ROWE0mqnrKiiO', NULL, '2022-03-27 16:24:02', '2022-07-17 06:31:52'),
(10, 'operator', 'operator', 'operator@gmail.com', 'operator', '$2y$10$IlUhHUwf4kVYZDGJoBVikegIXljVhDHt12sMLt46ITUfEtmnggOUW', 'YRVuwU9M3Fns35YyTn6efWsUpwPyWnniWKgvalFepwleQoXbclViipPdzfzz', '2022-03-27 16:24:32', '2022-03-27 16:24:32'),
(11, 'operato1', 'operator1', 'operator1@wms.com', 'operator', '$2y$10$Agljk5MV9ojaU5S5AoRFWeiKHn0xDV09EFSR.ozZhQ.80EOCkmSGW', 'tt5YEFAyIqX6BIciSXpFeJ9bbwW8HsVCRBhXnbWP2Riqm87BG75TbNCTLL1O', '2022-07-17 05:21:12', '2022-07-17 05:21:12');

--
-- Indexes for dumped tables
--

--
-- Indexes for table `categories`
--
ALTER TABLE `categories`
  ADD PRIMARY KEY (`id_kategori`),
  ADD KEY `id_kategori` (`id_kategori`);

--
-- Indexes for table `gudang`
--
ALTER TABLE `gudang`
  ADD PRIMARY KEY (`id_gudang`);

--
-- Indexes for table `jobs`
--
ALTER TABLE `jobs`
  ADD PRIMARY KEY (`id`),
  ADD KEY `jobs_queue_reserved_at_index` (`queue`,`reserved_at`);

--
-- Indexes for table `migrations`
--
ALTER TABLE `migrations`
  ADD PRIMARY KEY (`id`);

--
-- Indexes for table `products`
--
ALTER TABLE `products`
  ADD PRIMARY KEY (`id_produk`),
  ADD KEY `id_produk` (`id_produk`),
  ADD KEY `id_kategori` (`id_kategori`),
  ADD KEY `id_unit` (`id_unit`),
  ADD KEY `id_gudang` (`id_gudang`),
  ADD KEY `kode_produk` (`kode_produk`),
  ADD KEY `nama_produk` (`nama_produk`);

--
-- Indexes for table `purchases`
--
ALTER TABLE `purchases`
  ADD PRIMARY KEY (`id_purchase`),
  ADD KEY `id_purchase` (`id_purchase`),
  ADD KEY `id_produk` (`id_produk`),
  ADD KEY `id_karyawan` (`id_karyawan`);

--
-- Indexes for table `record`
--
ALTER TABLE `record`
  ADD PRIMARY KEY (`id_record`),
  ADD KEY `id_produk` (`id_produk`),
  ADD KEY `Fknameprod` (`nama_produk`);

--
-- Indexes for table `sells`
--
ALTER TABLE `sells`
  ADD PRIMARY KEY (`id_sell`),
  ADD KEY `id_sell` (`id_sell`),
  ADD KEY `id_produk` (`id_produk`),
  ADD KEY `id_karyawan` (`id_karyawan`);

--
-- Indexes for table `units`
--
ALTER TABLE `units`
  ADD PRIMARY KEY (`id_unit`),
  ADD KEY `id_unit` (`id_unit`);

--
-- Indexes for table `users`
--
ALTER TABLE `users`
  ADD PRIMARY KEY (`id`),
  ADD UNIQUE KEY `users_email_unique` (`email`),
  ADD KEY `id` (`id`);

--
-- AUTO_INCREMENT for dumped tables
--

--
-- AUTO_INCREMENT for table `categories`
--
ALTER TABLE `categories`
  MODIFY `id_kategori` int(10) UNSIGNED NOT NULL AUTO_INCREMENT, AUTO_INCREMENT=16;

--
-- AUTO_INCREMENT for table `gudang`
--
ALTER TABLE `gudang`
  MODIFY `id_gudang` int(11) NOT NULL AUTO_INCREMENT, AUTO_INCREMENT=2;

--
-- AUTO_INCREMENT for table `jobs`
--
ALTER TABLE `jobs`
  MODIFY `id` bigint(20) UNSIGNED NOT NULL AUTO_INCREMENT;

--
-- AUTO_INCREMENT for table `migrations`
--
ALTER TABLE `migrations`
  MODIFY `id` int(10) UNSIGNED NOT NULL AUTO_INCREMENT, AUTO_INCREMENT=4;

--
-- AUTO_INCREMENT for table `products`
--
ALTER TABLE `products`
  MODIFY `id_produk` int(10) UNSIGNED NOT NULL AUTO_INCREMENT, AUTO_INCREMENT=46;

--
-- AUTO_INCREMENT for table `purchases`
--
ALTER TABLE `purchases`
  MODIFY `id_purchase` int(10) UNSIGNED NOT NULL AUTO_INCREMENT, AUTO_INCREMENT=155;

--
-- AUTO_INCREMENT for table `record`
--
ALTER TABLE `record`
  MODIFY `id_record` int(11) NOT NULL AUTO_INCREMENT, AUTO_INCREMENT=305;

--
-- AUTO_INCREMENT for table `sells`
--
ALTER TABLE `sells`
  MODIFY `id_sell` int(10) UNSIGNED NOT NULL AUTO_INCREMENT, AUTO_INCREMENT=159;

--
-- AUTO_INCREMENT for table `units`
--
ALTER TABLE `units`
  MODIFY `id_unit` int(10) UNSIGNED NOT NULL AUTO_INCREMENT, AUTO_INCREMENT=7;

--
-- AUTO_INCREMENT for table `users`
--
ALTER TABLE `users`
  MODIFY `id` int(10) UNSIGNED NOT NULL AUTO_INCREMENT, AUTO_INCREMENT=12;

--
-- Constraints for dumped tables
--

--
-- Constraints for table `products`
--
ALTER TABLE `products`
  ADD CONSTRAINT `prod_gudangFk` FOREIGN KEY (`id_gudang`) REFERENCES `gudang` (`id_gudang`) ON DELETE NO ACTION ON UPDATE CASCADE,
  ADD CONSTRAINT `products_ibfk_1` FOREIGN KEY (`id_kategori`) REFERENCES `categories` (`id_kategori`) ON UPDATE CASCADE,
  ADD CONSTRAINT `products_ibfk_2` FOREIGN KEY (`id_unit`) REFERENCES `units` (`id_unit`) ON UPDATE CASCADE;

--
-- Constraints for table `purchases`
--
ALTER TABLE `purchases`
  ADD CONSTRAINT `purcfk_id` FOREIGN KEY (`id_karyawan`) REFERENCES `users` (`id`) ON DELETE NO ACTION ON UPDATE CASCADE,
  ADD CONSTRAINT `purchases_ibfk_1` FOREIGN KEY (`id_produk`) REFERENCES `products` (`id_produk`) ON DELETE CASCADE ON UPDATE CASCADE;

--
-- Constraints for table `record`
--
ALTER TABLE `record`
  ADD CONSTRAINT `Fkidprod` FOREIGN KEY (`id_produk`) REFERENCES `products` (`id_produk`) ON DELETE CASCADE ON UPDATE CASCADE,
  ADD CONSTRAINT `Fknameprod` FOREIGN KEY (`nama_produk`) REFERENCES `products` (`nama_produk`) ON DELETE NO ACTION ON UPDATE CASCADE;

--
-- Constraints for table `sells`
--
ALTER TABLE `sells`
  ADD CONSTRAINT `Ffk_id` FOREIGN KEY (`id_karyawan`) REFERENCES `users` (`id`) ON DELETE NO ACTION ON UPDATE CASCADE,
  ADD CONSTRAINT `sells_ibfk_2` FOREIGN KEY (`id_produk`) REFERENCES `products` (`id_produk`) ON DELETE CASCADE ON UPDATE CASCADE;
COMMIT;

/*!40101 SET CHARACTER_SET_CLIENT=@OLD_CHARACTER_SET_CLIENT */;
/*!40101 SET CHARACTER_SET_RESULTS=@OLD_CHARACTER_SET_RESULTS */;
/*!40101 SET COLLATION_CONNECTION=@OLD_COLLATION_CONNECTION */;
